Benchmark name,slope,intercept
MMLU,1.00000000,0.00000000
MMLU-Pro,0.52329887,46.98645268
MMLU-Redux,0.70304385,23.36019342
SWE-Bench-Pro,0.04644627,89.76589501
LiveCodeBench,0.31364091,66.13689039
